CO_MUN_RES,total_casos,prob_influenza,prob_outro_virus,prob_outro_agente,prob_srag_covid,codigo_ibge,cod_6d,nome
110012.0,2,1.13,14.81,0.03,84.03,1100122.0,110012.0,Ji-Paraná
110020.0,2,1.17,12.78,0.02,86.03,1100205.0,110020.0,Porto Velho
120001.0,1,1.83,75.63,0.03,22.51,1200013.0,120001.0,Acrelândia
120038.0,1,1.83,73.91,0.05,24.21,1200385.0,120038.0,Plácido de Castro
120040.0,5,0.99,20.95,0.03,78.04,1200401.0,120040.0,Rio Branco
120050.0,1,1.08,13.56,0.03,85.34,1200500.0,120050.0,Sena Madureira
130080.0,1,2.96,93.8,0.02,3.22,1300805.0,130080.0,Borba
130110.0,1,2.79,33.33,0.04,63.83,1301100.0,130110.0,Careiro
130185.0,2,3.2,89.7,0.03,7.07,1301852.0,130185.0,Iranduba
130190.0,3,11.78,54.89,0.09,33.24,1301902.0,130190.0,Itacoatiara
130250.0,3,13.22,42.58,0.06,44.14,1302504.0,130250.0,Manacapuru
130260.0,100,11.06,64.15,0.06,24.72,1302603.0,130260.0,Manaus
130340.0,2,2.95,91.37,0.03,5.66,1303403.0,130340.0,Parintins
130380.0,4,23.0,53.98,0.07,22.94,1303809.0,130380.0,São Gabriel da Cachoeira
130406.0,1,20.1,47.11,0.05,32.73,1304062.0,130406.0,Tabatinga
130426.0,1,50.44,37.62,0.15,11.79,1304260.0,130426.0,Uarini
150060.0,2,2.85,12.35,0.03,84.78,1500602.0,150060.0,Altamira
150080.0,8,2.72,33.62,0.07,63.58,1500800.0,150080.0,Ananindeua
150085.0,2,1.13,51.61,0.06,47.2,1500859.0,150085.0,Anapu
150095.0,1,3.53,74.64,0.07,21.76,1500958.0,150095.0,Aurora do Pará
150130.0,1,0.64,10.28,0.03,89.04,1501303.0,150130.0,Barcarena
150140.0,18,5.57,36.13,0.06,58.24,1501402.0,150140.0,Belém
150150.0,1,13.24,5.79,0.03,80.93,1501501.0,150150.0,Benevides
150190.0,1,0.62,60.84,0.11,38.42,1501907.0,150190.0,Bujaru
150215.0,1,3.45,62.99,0.1,33.46,1502152.0,150215.0,Canaã dos Carajás
150240.0,1,0.24,25.8,0.05,73.91,1502400.0,150240.0,Castanhal
150470.0,1,0.89,42.86,0.05,56.2,1504703.0,150470.0,Moju
150490.0,1,4.0,70.22,0.05,25.73,1504901.0,150490.0,Muaná
150506.0,1,1.27,79.14,0.02,19.57,1505064.0,150506.0,Novo Repartimento
150550.0,1,1.85,76.96,0.04,21.14,1505502.0,150550.0,Paragominas
150553.0,3,1.19,33.64,0.09,65.08,1505536.0,150553.0,Parauapebas
150730.0,1,4.0,70.22,0.05,25.73,1507300.0,150730.0,São Félix do Xingu
150810.0,2,2.17,69.69,0.06,28.07,1508100.0,150810.0,Tucuruí
160027.0,2,0.86,29.72,0.03,69.39,1600279.0,160027.0,Laranjal do Jari
160030.0,1,3.23,25.37,0.14,71.26,1600303.0,160030.0,Macapá
160060.0,1,3.25,17.31,0.03,79.41,1600600.0,160060.0,Santana
170700.0,1,0.57,61.14,0.11,38.18,1707009.0,170700.0,Dianópolis
171195.0,1,0.45,13.52,0.04,85.98,1711951.0,171195.0,Lagoa do Tocantins
171610.0,1,1.02,45.14,0.09,53.76,1716109.0,171610.0,Paraíso do Tocantins
172100.0,9,1.1,45.5,0.22,53.17,1721000.0,172100.0,Palmas
210140.0,1,2.94,26.67,5.46,64.93,2101400.0,210140.0,Balsas
210280.0,1,0.14,8.82,0.86,90.18,2102804.0,210280.0,Carolina
210300.0,1,0.22,1.79,93.36,4.62,2103000.0,210300.0,Caxias
210410.0,1,0.19,0.97,2.12,96.72,2104107.0,210410.0,Fortaleza dos Nogueiras
210570.0,1,1.94,2.78,5.32,89.95,2105708.0,210570.0,Lago da Pedra
210592.0,1,0.13,81.36,0.02,18.49,2105922.0,210592.0,Lagoa do Mato
211120.0,1,1.31,7.62,0.94,90.13,2111201.0,211120.0,São José de Ribamar
211130.0,3,1.73,16.03,6.04,76.2,2111300.0,211130.0,São Luís
211220.0,2,0.69,29.74,0.13,69.44,2112209.0,211220.0,Timon
220155.0,1,0.3,85.08,0.03,14.6,2201556.0,220155.0,Bela Vista do Piauí
220310.0,1,0.95,56.73,0.04,42.27,2203107.0,220310.0,Cristino Castro
220520.0,1,0.48,65.69,0.06,33.78,2205201.0,220520.0,Jaicós
220550.0,1,1.52,71.05,0.04,27.39,2205508.0,220550.0,José de Freitas
220555.0,1,1.17,77.9,0.03,20.89,2205557.0,220555.0,Lagoa Alegre
220558.0,2,0.62,39.21,0.16,60.01,2205581.0,220558.0,Lagoa do Piauí
220559.0,1,0.18,77.08,0.02,22.72,2205599.0,220559.0,Lagoa do Sítio
220620.0,1,0.82,38.09,0.16,60.93,2206209.0,220620.0,Miguel Alves
220640.0,1,0.7,84.91,0.02,14.37,2206407.0,220640.0,Monsenhor Gil
220700.0,1,0.41,11.62,0.03,87.94,2207009.0,220700.0,Oeiras
220750.0,1,2.15,51.15,0.06,46.64,2207504.0,220750.0,Palmeirais
220800.0,1,0.34,82.55,0.24,16.87,2208007.0,220800.0,Picos
220850.0,1,0.26,10.38,0.02,89.33,2208502.0,220850.0,Porto
220910.0,1,0.17,12.49,0.02,87.32,2209104.0,220910.0,Santa Cruz do Piauí
221060.0,1,0.23,28.91,0.02,70.84,2210607.0,221060.0,São Raimundo Nonato
221100.0,25,0.91,58.03,0.05,41.01,2211001.0,221100.0,Teresina
230075.0,1,31.45,6.43,0.14,61.98,2300754.0,230075.0,Amontada
230120.0,2,10.3,12.87,0.11,76.72,2301208.0,230120.0,Aracoiaba
230210.0,1,0.99,8.96,0.04,90.01,2302107.0,230210.0,Baturité
230350.0,1,41.55,3.46,0.03,54.95,2303501.0,230350.0,Cascavel
230370.0,2,21.6,24.58,0.09,53.73,2303709.0,230370.0,Caucaia
230440.0,30,27.56,23.82,0.07,48.56,2304400.0,230440.0,Fortaleza
230730.0,1,1.33,4.88,0.06,93.74,2307304.0,230730.0,Juazeiro do Norte
230765.0,4,21.44,46.0,0.05,32.52,2307650.0,230765.0,Maracanaú
230770.0,2,17.17,10.76,0.05,72.03,2307700.0,230770.0,Maranguape
230870.0,1,5.87,41.82,0.05,52.26,2308708.0,230870.0,Morada Nova
230960.0,1,4.76,43.33,0.04,51.87,2309607.0,230960.0,Pacajus
231070.0,1,8.62,42.04,0.08,49.26,2310704.0,231070.0,Pentecoste
231123.0,1,3.79,26.55,0.05,69.62,2311231.0,231123.0,Potiretama
231140.0,2,24.68,24.41,0.1,50.82,2311405.0,231140.0,Quixeramobim
231160.0,1,40.67,21.0,0.05,38.28,2311603.0,231160.0,Redenção
231330.0,1,6.29,28.92,0.58,64.21,2313302.0,231330.0,Tauá
240120.0,1,0.58,59.28,0.04,40.1,2401206.0,240120.0,Arês
240180.0,1,2.43,70.93,0.07,26.56,2401800.0,240180.0,Brejinho
240260.0,1,0.29,12.82,0.03,86.85,2402600.0,240260.0,Ceará-Mirim
240485.0,1,0.18,77.46,0.02,22.34,2404853.0,240485.0,Itajá
240580.0,1,1.32,16.07,0.03,82.58,2405801.0,240580.0,João Câmara
240810.0,3,0.87,41.17,0.03,57.93,2408102.0,240810.0,Natal
240950.0,1,5.04,13.25,0.04,81.68,2409506.0,240950.0,Pedra Grande
250400.0,3,0.32,83.83,0.04,15.81,2504009.0,250400.0,Campina Grande
250680.0,1,0.24,76.92,0.03,22.81,2506806.0,250680.0,Ingá
250750.0,3,1.08,70.29,0.03,28.6,2507507.0,250750.0,João Pessoa
250850.0,1,0.62,88.21,0.02,11.15,2508505.0,250850.0,Livramento
251010.0,1,0.63,26.33,0.03,73.01,2510105.0,251010.0,Nova Floresta
251140.0,1,0.9,92.09,0.02,7.0,2511400.0,251140.0,Picuí
251250.0,1,0.22,90.44,0.01,9.32,2512507.0,251250.0,Queimadas
251530.0,1,1.57,84.15,0.02,14.26,2515302.0,251530.0,Sapé
251600.0,1,0.41,78.11,0.02,21.46,2516003.0,251600.0,Solânea
251680.0,1,0.59,19.51,0.04,79.86,2516805.0,251680.0,Triunfo
251740.0,1,0.43,82.96,0.02,16.59,2517407.0,251740.0,Zabelê
260005.0,3,0.46,0.5,0.02,99.02,2600054.0,260005.0,Abreu e Lima
260010.0,1,0.83,0.78,0.01,98.38,2600104.0,260010.0,Afogados da Ingazeira
260070.0,2,1.0,0.83,0.02,98.14,2600708.0,260070.0,Aliança
260090.0,2,0.58,0.52,0.03,98.87,2600906.0,260090.0,Amaraji
260190.0,1,0.14,0.93,0.02,98.91,2601904.0,260190.0,Bezerros
260260.0,1,0.24,1.03,0.02,98.71,2602605.0,260260.0,Brejo da Madre de Deus
260290.0,4,0.77,0.98,0.03,98.23,2602902.0,260290.0,Cabo de Santo Agostinho
260345.0,6,0.81,0.74,0.02,98.44,2603454.0,260345.0,Camaragibe
260350.0,1,25.87,1.27,0.04,72.83,2603504.0,260350.0,Camocim de São Félix
260400.0,1,1.15,1.08,0.03,97.74,2604007.0,260400.0,Carpina
260410.0,3,0.61,0.68,0.01,98.7,2604106.0,260410.0,Caruaru
260460.0,1,0.28,1.25,0.02,98.45,2604601.0,260460.0,Condado
260520.0,2,1.65,1.26,0.04,97.04,2605202.0,260520.0,Escada
260600.0,1,1.15,1.08,0.03,97.74,2606002.0,260600.0,Garanhuns
260680.0,2,0.31,0.4,0.01,99.28,2606804.0,260680.0,Igarassu
260720.0,4,1.06,0.56,0.01,98.38,2607208.0,260720.0,Ipojuca
260760.0,1,0.28,0.36,0.02,99.34,2607604.0,260760.0,Ilha de Itamaracá
260775.0,2,0.89,0.62,0.01,98.47,2607752.0,260775.0,Itapissuma
260790.0,18,0.88,0.76,0.02,98.35,2607901.0,260790.0,Jaboatão dos Guararapes
260940.0,4,2.8,0.95,0.01,96.24,2609402.0,260940.0,Moreno
260950.0,1,1.07,0.68,0.02,98.24,2609501.0,260950.0,Nazaré da Mata
260960.0,7,4.49,1.29,0.03,94.19,2609600.0,260960.0,Olinda
261020.0,1,0.22,0.71,0.01,99.06,2610202.0,261020.0,Panelas
261060.0,6,0.79,0.8,0.02,98.39,2610608.0,261060.0,Paudalho
261070.0,5,0.89,1.05,0.04,98.02,2610707.0,261070.0,Paulista
261110.0,3,1.6,3.34,0.22,94.85,2611101.0,261110.0,Petrolina
261150.0,1,0.87,1.37,0.02,97.74,2611507.0,261150.0,Quipapá
261153.0,1,0.66,0.37,0.01,98.96,2611533.0,261153.0,Quixaba
261160.0,40,3.43,2.24,0.03,94.3,2611606.0,261160.0,Recife
261370.0,4,1.69,0.85,0.02,97.44,2613701.0,261370.0,São Lourenço da Mata
261420.0,2,0.46,0.69,0.03,98.83,2614204.0,261420.0,Sirinhaém
261520.0,1,0.99,0.57,0.02,98.43,2615201.0,261520.0,Terra Nova
261530.0,1,0.88,0.62,0.01,98.49,2615300.0,261530.0,Timbaúba
261640.0,1,0.19,0.68,0.02,99.11,2616407.0,261640.0,Vitória de Santo Antão
270430.0,4,0.48,10.0,0.03,89.5,2704302.0,270430.0,Maceió
270840.0,1,0.19,9.95,0.03,89.84,2708402.0,270840.0,São José da Tapera
280030.0,8,11.85,77.94,0.16,10.05,2800308.0,280030.0,Aracaju
280067.0,1,1.35,31.32,0.04,67.28,2800670.0,280067.0,Boquim
280480.0,2,2.79,90.14,0.56,6.52,2804805.0,280480.0,Nossa Senhora do Socorro
280530.0,1,3.63,92.35,0.04,3.98,2805307.0,280530.0,Pirambu
290390.0,1,3.1,4.95,63.71,28.24,2903904.0,290390.0,Bom Jesus da Lapa
290460.0,1,4.34,43.61,0.52,51.53,2904605.0,290460.0,Brumado
291000.0,1,9.91,7.44,0.07,82.58,2910008.0,291000.0,Dário Meira
291005.0,1,11.58,71.29,0.25,16.89,2910057.0,291005.0,Dias d'Ávila
291072.0,1,17.37,11.37,0.12,71.14,2910727.0,291072.0,Eunápolis
291080.0,2,16.21,63.46,0.18,20.15,2910800.0,291080.0,Feira de Santana
291460.0,1,33.56,9.39,5.52,51.54,2914604.0,291460.0,Irecê
291700.0,4,4.19,83.19,1.74,10.89,2917003.0,291700.0,Itiúba
291920.0,5,7.63,41.48,7.74,43.15,2919207.0,291920.0,Lauro de Freitas
292060.0,1,14.24,56.91,0.2,28.65,2920601.0,292060.0,Maragogipe
292440.0,1,91.82,2.54,0.12,5.52,2924405.0,292440.0,Pilão Arcado
292465.0,1,1.1,8.83,0.12,89.94,2924652.0,292465.0,Pintadas
292740.0,29,32.99,30.09,0.78,36.14,2927408.0,292740.0,Salvador
293260.0,1,0.53,95.21,0.2,4.06,2932606.0,293260.0,Urandi
310150.0,2,2.28,55.06,0.41,42.24,3101508.0,310150.0,Além Paraíba
310190.0,1,0.41,23.74,0.36,75.49,3101904.0,310190.0,Alpinópolis
310270.0,1,0.3,34.35,0.42,64.93,3102704.0,310270.0,Cachoeira de Pajeú
310330.0,1,2.43,62.67,0.74,34.16,3103306.0,310330.0,Aracitaba
310400.0,1,1.65,37.09,0.13,61.13,3104007.0,310400.0,Araxá
310620.0,26,1.14,57.28,0.47,41.11,3106200.0,310620.0,Belo Horizonte
310660.0,1,6.58,18.55,0.26,74.61,3106606.0,310660.0,Bertópolis
310670.0,6,0.59,60.93,3.2,35.27,3106705.0,310670.0,Betim
311730.0,1,0.83,26.93,0.07,72.17,3117306.0,311730.0,Conceição das Alagoas
311860.0,6,1.35,67.49,1.15,30.0,3118601.0,311860.0,Contagem
311940.0,1,4.52,8.64,0.05,86.79,3119401.0,311940.0,Coronel Fabriciano
312090.0,1,1.18,71.89,0.23,26.7,3120904.0,312090.0,Curvelo
312160.0,1,1.33,66.86,0.1,31.7,3121605.0,312160.0,Diamantina
312410.0,1,1.06,36.19,3.56,59.19,3124104.0,312410.0,Esmeraldas
312770.0,2,0.29,48.45,1.17,50.09,3127701.0,312770.0,Governador Valadares
313030.0,1,0.72,53.35,6.53,39.4,3130309.0,313030.0,Iguatama
313130.0,5,0.95,36.83,13.71,48.51,3131307.0,313130.0,Ipatinga
313170.0,1,0.29,35.76,0.38,63.57,3131703.0,313170.0,Itabira
313420.0,1,0.5,81.83,0.08,17.59,3134202.0,313420.0,Ituiutaba
313665.0,1,0.5,32.41,3.18,63.9,3136652.0,313665.0,Juatuba
313670.0,2,1.49,73.03,1.39,24.1,3136702.0,313670.0,Juiz de Fora
313720.0,3,0.87,50.2,1.66,47.27,3137205.0,313720.0,Lagoa da Prata
313970.0,1,1.17,86.82,0.12,11.89,3139706.0,313970.0,Maravilhas
314000.0,2,0.77,58.8,6.17,34.26,3140001.0,314000.0,Mariana
314330.0,1,52.13,28.81,0.37,18.69,3143302.0,314330.0,Montes Claros
314390.0,2,0.55,19.03,0.29,80.14,3143906.0,314390.0,Muriaé
314520.0,1,3.03,34.33,0.08,62.56,3145208.0,314520.0,Nova Serrana
314800.0,1,1.17,86.82,0.12,11.89,3148004.0,314800.0,Patos de Minas
314930.0,1,0.49,5.76,2.18,91.57,3149309.0,314930.0,Pedro Leopoldo
315180.0,1,0.77,89.93,0.1,9.19,3151800.0,315180.0,Poços de Caldas
315410.0,1,3.63,80.64,0.09,15.64,3154101.0,315410.0,Recreio
315460.0,7,0.74,59.49,0.82,38.95,3154606.0,315460.0,Ribeirão das Neves
315670.0,2,0.86,45.49,0.35,53.3,3156700.0,315670.0,Sabará
315710.0,1,3.95,76.77,9.29,9.99,3157104.0,315710.0,Salto da Divisa
315770.0,1,0.1,90.06,0.23,9.61,3157708.0,315770.0,Santa Juliana
315780.0,3,1.68,29.91,8.21,60.2,3157807.0,315780.0,Santa Luzia
315820.0,1,1.55,75.98,0.45,22.02,3158201.0,315820.0,Santa Maria do Suaçuí
316292.0,1,0.49,48.83,0.24,50.44,3162922.0,316292.0,São Joaquim de Bicas
316370.0,2,0.36,79.14,0.16,20.34,3163706.0,316370.0,São Lourenço
316710.0,1,0.49,48.83,0.24,50.44,3167103.0,316710.0,Serro
316750.0,1,3.27,63.61,0.36,32.76,3167509.0,316750.0,Simão Pereira
316860.0,1,0.37,0.39,0.01,99.23,3168606.0,316860.0,Teófilo Otoni
316990.0,1,0.82,38.77,2.52,57.89,3169901.0,316990.0,Ubá
317020.0,2,1.53,11.43,0.08,86.96,3170206.0,317020.0,Uberlândia
317120.0,3,0.78,57.17,0.17,41.88,3171204.0,317120.0,Vespasiano
320120.0,4,0.8,77.68,0.08,21.44,3201209.0,320120.0,Cachoeiro de Itapemirim
320230.0,1,4.97,79.93,0.03,15.07,3202306.0,320230.0,Guaçuí
320420.0,1,95.75,1.56,0.01,2.68,3204203.0,320420.0,Piúma
320500.0,4,3.94,38.41,0.04,57.61,3205002.0,320500.0,Serra
320520.0,3,59.27,10.1,0.15,30.48,3205200.0,320520.0,Vila Velha
320530.0,4,8.12,19.34,0.05,72.49,3205309.0,320530.0,Vitória
330010.0,3,1.94,50.94,0.14,46.98,3300100.0,330010.0,Angra dos Reis
330020.0,12,2.28,23.3,0.12,74.3,3300209.0,330020.0,Araruama
330030.0,1,0.83,52.67,0.04,46.46,3300308.0,330030.0,Barra do Piraí
330045.0,2,1.24,40.14,0.04,58.58,3300456.0,330045.0,Belford Roxo
330070.0,5,1.46,31.94,0.11,66.5,3300704.0,330070.0,Cabo Frio
330093.0,1,1.6,45.26,0.1,53.05,3300936.0,330093.0,Carapebus
330100.0,9,6.54,18.4,0.09,74.97,3301009.0,330100.0,Campos dos Goytacazes
330130.0,1,0.85,76.74,0.03,22.39,3301306.0,330130.0,Casimiro de Abreu
330170.0,7,13.16,43.09,0.06,43.68,3301702.0,330170.0,Duque de Caxias
330185.0,1,87.3,5.14,0.02,7.53,3301850.0,330185.0,Guapimirim
330187.0,1,0.48,20.99,0.18,78.35,3301876.0,330187.0,Iguaba Grande
330190.0,1,1.12,9.59,0.02,89.27,3301900.0,330190.0,Itaboraí
330227.0,3,0.9,28.67,0.04,70.4,3302270.0,330227.0,Japeri
330240.0,2,2.96,29.14,0.12,67.78,3302403.0,330240.0,Macaé
330250.0,5,1.13,66.12,0.04,32.72,3302502.0,330250.0,Magé
330285.0,2,2.72,31.13,0.1,66.05,3302858.0,330285.0,Mesquita
330320.0,3,0.81,37.18,0.15,61.86,3303203.0,330320.0,Nilópolis
330330.0,2,0.42,36.42,0.09,63.07,3303302.0,330330.0,Niterói
330340.0,2,1.49,66.23,0.04,32.24,3303401.0,330340.0,Nova Friburgo
330350.0,12,0.68,30.55,0.07,68.7,3303500.0,330350.0,Nova Iguaçu
330385.0,1,0.72,55.83,0.05,43.4,3303856.0,330385.0,Paty do Alferes
330390.0,4,0.77,76.01,0.02,23.2,3303906.0,330390.0,Petrópolis
330400.0,1,0.93,66.98,0.05,32.03,3304003.0,330400.0,Piraí
330414.0,3,1.07,34.62,0.25,64.06,3304144.0,330414.0,Queimados
330430.0,2,0.48,61.17,0.03,38.32,3304300.0,330430.0,Rio Bonito
330452.0,1,0.4,10.84,0.03,88.73,3304524.0,330452.0,Rio das Ostras
330455.0,41,1.23,50.38,0.07,48.33,3304557.0,330455.0,Rio de Janeiro
330490.0,7,1.23,65.48,0.04,33.25,3304904.0,330490.0,São Gonçalo
330500.0,1,1.32,37.94,0.13,60.61,3305000.0,330500.0,São João da Barra
330510.0,1,4.54,64.3,0.07,31.09,3305109.0,330510.0,São João de Meriti
330520.0,2,1.74,17.24,0.05,80.98,3305208.0,330520.0,São Pedro da Aldeia
330550.0,9,1.11,17.61,0.06,81.22,3305505.0,330550.0,Saquarema
330580.0,1,0.35,15.2,0.04,84.4,3305802.0,330580.0,Teresópolis
330600.0,2,3.17,15.98,0.08,80.77,3306008.0,330600.0,Três Rios
330630.0,7,4.18,33.75,0.07,62.0,3306305.0,330630.0,Volta Redonda
350160.0,3,6.46,10.81,0.16,82.57,3501608.0,350160.0,Americana
350210.0,1,7.74,2.94,0.78,88.54,3502101.0,350210.0,Andradina
350240.0,1,0.25,16.99,0.23,82.53,3502408.0,350240.0,Anhumas
350320.0,1,0.48,20.67,3.33,75.52,3503208.0,350320.0,Araraquara
350330.0,3,2.32,31.48,0.46,65.73,3503307.0,350330.0,Araras
350390.0,1,18.69,3.64,1.02,76.64,3503901.0,350390.0,Arujá
350400.0,2,1.48,12.32,0.07,86.13,3504008.0,350400.0,Assis
350550.0,1,0.93,1.15,0.07,97.85,3505500.0,350550.0,Barretos
350580.0,1,6.19,2.79,0.24,90.77,3505807.0,350580.0,Bastos
350600.0,6,7.63,7.37,8.47,76.54,3506003.0,350600.0,Bauru
350850.0,1,6.71,4.39,0.08,88.82,3508504.0,350850.0,Caçapava
350920.0,1,0.13,0.93,95.72,3.22,3509205.0,350920.0,Cajamar
350950.0,30,3.76,21.56,0.44,74.24,3509502.0,350950.0,Campinas
351020.0,1,0.71,2.91,0.82,95.56,3510203.0,351020.0,Capão Bonito
351080.0,1,0.32,52.75,0.05,46.88,3510807.0,351080.0,Casa Branca
351100.0,1,0.65,7.78,0.08,91.49,3511003.0,351100.0,Castilho
351110.0,2,0.88,3.61,0.42,95.09,3511102.0,351110.0,Catanduva
351270.0,1,1.98,15.57,0.15,82.3,3512704.0,351270.0,Corumbataí
351300.0,1,3.88,22.35,1.8,71.97,3513009.0,351300.0,Cotia
351320.0,1,6.75,7.84,0.54,84.86,3513207.0,351320.0,Cristais Paulista
351340.0,1,4.27,6.08,0.21,89.44,3513405.0,351340.0,Cruzeiro
351380.0,2,0.59,45.29,0.07,54.05,3513801.0,351380.0,Diadema
351550.0,1,3.25,5.84,6.07,84.84,3515509.0,351550.0,Fernandópolis
351570.0,1,88.26,0.48,0.02,11.24,3515707.0,351570.0,Ferraz de Vasconcelos
351610.0,1,0.95,1.85,0.1,97.1,3516101.0,351610.0,Florínia
351620.0,6,1.92,11.58,0.26,86.24,3516200.0,351620.0,Franca
351640.0,1,2.75,58.4,0.17,38.68,3516408.0,351640.0,Franco da Rocha
351760.0,1,2.79,11.31,0.18,85.71,3517604.0,351760.0,Guapiara
351830.0,1,1.67,5.86,0.26,92.21,3518305.0,351830.0,Guararema
351870.0,1,7.25,5.41,3.78,83.57,3518701.0,351870.0,Guarujá
351880.0,10,14.94,23.63,2.05,59.38,3518800.0,351880.0,Guarulhos
351907.0,2,1.98,60.44,0.09,37.49,3519071.0,351907.0,Hortolândia
352050.0,4,25.47,3.85,24.08,46.6,3520509.0,352050.0,Indaiatuba
352140.0,1,1.95,24.89,0.15,73.01,3521408.0,352140.0,Iracemápolis
352230.0,1,4.83,22.66,0.15,72.35,3522307.0,352230.0,Itapetininga
352260.0,2,4.76,2.16,0.09,92.98,3522604.0,352260.0,Itapira
352310.0,2,2.21,87.55,0.35,9.89,3523107.0,352310.0,Itaquaquecetuba
352390.0,2,0.7,5.54,6.77,86.99,3523909.0,352390.0,Itu
352440.0,6,17.47,5.14,4.09,73.3,3524402.0,352440.0,Jacareí
352470.0,1,1.25,11.21,0.13,87.41,3524709.0,352470.0,Jaguariúna
352500.0,1,3.88,20.99,0.46,74.67,3525003.0,352500.0,Jandira
352510.0,2,26.21,5.15,0.61,68.04,3525102.0,352510.0,Jardinópolis
352590.0,2,24.44,8.81,1.04,65.71,3525904.0,352590.0,Jundiaí
352630.0,1,0.17,3.4,0.07,96.36,3526308.0,352630.0,Lagoinha
352680.0,1,9.66,1.39,0.1,88.86,3526803.0,352680.0,Lençóis Paulista
352690.0,1,87.32,2.46,0.07,10.15,3526902.0,352690.0,Limeira
352850.0,1,2.81,9.61,1.43,86.14,3528502.0,352850.0,Mairiporã
352880.0,1,0.97,4.39,0.14,94.5,3528809.0,352880.0,Maracaí
352900.0,2,4.49,9.32,0.45,85.74,3529005.0,352900.0,Marília
353060.0,3,9.52,3.49,31.06,55.93,3530607.0,353060.0,Mogi das Cruzes
353070.0,2,3.1,14.08,2.96,79.86,3530706.0,353070.0,Mogi Guaçu
353080.0,1,2.64,6.53,0.74,90.09,3530805.0,353080.0,Mogi Mirim
353180.0,2,1.61,18.71,1.63,78.04,3531803.0,353180.0,Monte Mor
353460.0,1,0.9,6.41,0.07,92.61,3534609.0,353460.0,Osvaldo Cruz
353470.0,2,45.71,1.47,0.16,52.66,3534708.0,353470.0,Ourinhos
353530.0,1,6.82,0.95,0.14,92.09,3535309.0,353530.0,Palmital
353550.0,1,36.13,3.26,0.28,60.33,3535507.0,353550.0,Paraguaçu Paulista
353630.0,1,0.54,16.14,2.94,80.38,3536307.0,353630.0,Patrocínio Paulista
353650.0,3,4.9,74.65,0.74,19.71,3536505.0,353650.0,Paulínia
353700.0,1,3.0,1.38,0.14,95.48,3537008.0,353700.0,Pedregulho
353800.0,3,41.18,4.2,0.69,53.94,3538006.0,353800.0,Pindamonhangaba
353810.0,1,2.68,6.81,0.12,90.39,3538105.0,353810.0,Pindorama
354340.0,5,4.03,12.23,2.69,81.04,3543402.0,354340.0,Ribeirão Preto
354520.0,2,0.97,11.17,10.65,77.22,3545209.0,354520.0,Salto
354580.0,2,6.99,36.94,3.84,52.23,3545803.0,354580.0,Santa Bárbara d'Oeste
354780.0,5,17.81,13.32,0.69,68.18,3547809.0,354780.0,Santo André
354850.0,4,0.31,10.68,47.9,41.12,3548500.0,354850.0,Santos
354870.0,4,6.08,15.11,1.7,77.11,3548708.0,354870.0,São Bernardo do Campo
354880.0,4,10.61,36.02,0.18,53.19,3548807.0,354880.0,São Caetano do Sul
354950.0,1,22.44,5.45,0.31,71.8,3549508.0,354950.0,São José da Bela Vista
354980.0,14,3.66,9.97,3.45,82.92,3549805.0,354980.0,São José do Rio Preto
354990.0,28,8.17,8.53,4.32,78.97,3549904.0,354990.0,São José dos Campos
355030.0,80,8.28,22.4,3.64,65.68,3550308.0,355030.0,São Paulo
355100.0,1,0.21,51.56,0.1,48.13,3551009.0,355100.0,São Vicente
355190.0,1,3.29,31.21,6.56,58.94,3551900.0,355190.0,Severínia
355220.0,1,69.23,1.9,0.34,28.53,3552205.0,355220.0,Sorocaba
355240.0,1,5.08,17.47,0.2,77.25,3552403.0,355240.0,Sumaré
355280.0,1,0.96,7.68,0.18,91.17,3552809.0,355280.0,Taboão da Serra
355400.0,1,0.64,2.06,79.5,17.8,3554003.0,355400.0,Tatuí
355410.0,9,9.45,11.1,4.26,75.19,3554102.0,355410.0,Taubaté
355550.0,1,0.73,7.39,0.06,91.82,3555505.0,355550.0,Ubirajara
355650.0,1,3.06,15.31,0.06,81.58,3556503.0,355650.0,Várzea Paulista
355670.0,1,1.49,9.5,0.07,88.94,3556701.0,355670.0,Vinhedo
410040.0,10,0.28,67.04,0.03,32.65,4100400.0,410040.0,Almirante Tamandaré
410120.0,1,0.06,85.18,0.05,14.71,4101200.0,410120.0,Antonina
410140.0,2,0.5,7.37,0.04,92.08,4101408.0,410140.0,Apucarana
410150.0,1,0.13,85.88,0.28,13.71,4101507.0,410150.0,Arapongas
410180.0,3,0.12,84.9,0.02,14.96,4101804.0,410180.0,Araucária
410190.0,1,0.09,83.05,0.02,16.85,4101903.0,410190.0,Assaí
410210.0,1,0.46,65.46,0.08,34.0,4102109.0,410210.0,Astorga
410240.0,1,0.25,70.58,0.07,29.1,4102406.0,410240.0,Bandeirantes
410370.0,2,0.85,43.33,0.05,55.77,4103701.0,410370.0,Cambé
410395.0,1,0.68,35.48,0.04,63.8,4103958.0,410395.0,Campina do Simão
410400.0,2,0.42,85.01,0.02,14.55,4104006.0,410400.0,Campina Grande do Sul
410420.0,1,0.15,60.83,0.02,39.01,4104204.0,410420.0,Campo Largo
410425.0,1,0.38,80.31,0.07,19.23,4104253.0,410425.0,Campo Magro
410480.0,14,0.33,54.12,0.04,45.5,4104808.0,410480.0,Cascavel
410550.0,1,0.24,83.12,0.04,16.6,4105508.0,410550.0,Cianorte
410560.0,1,0.4,7.47,0.09,92.04,4105607.0,410560.0,Cidade Gaúcha
410580.0,5,0.18,82.5,0.02,17.29,4105805.0,410580.0,Colombo
410690.0,40,0.24,69.88,0.04,29.83,4106902.0,410690.0,Curitiba
410700.0,1,0.2,85.97,0.01,13.82,4107009.0,410700.0,Curiúva
410720.0,2,0.13,80.13,0.02,19.71,4107207.0,410720.0,Dois Vizinhos
410765.0,6,0.2,80.25,0.03,19.52,4107652.0,410765.0,Fazenda Rio Grande
410800.0,1,0.25,95.32,0.01,4.42,4108007.0,410800.0,Florestópolis
410830.0,15,0.36,74.26,0.03,25.35,4108304.0,410830.0,Foz do Iguaçu
410840.0,2,0.63,51.63,0.04,47.7,4108403.0,410840.0,Francisco Beltrão
410920.0,1,0.21,51.14,0.03,48.62,4109203.0,410920.0,Guaraci
410940.0,3,0.39,60.15,0.08,39.38,4109401.0,410940.0,Guarapuava
410960.0,1,0.43,25.13,0.09,74.35,4109609.0,410960.0,Guaratuba
410980.0,3,0.15,81.84,0.02,17.99,4109807.0,410980.0,Ibiporã
411125.0,1,0.15,72.94,0.09,26.82,4111258.0,411125.0,Itaperuçu
411270.0,1,0.15,94.95,0.01,4.89,4112702.0,411270.0,Jataizinho
411300.0,1,0.54,93.76,0.1,5.6,4113007.0,411300.0,Jussara
411370.0,17,0.3,60.89,0.08,38.73,4113700.0,411370.0,Londrina
411430.0,2,0.13,93.57,0.01,6.29,4114302.0,411430.0,Mandirituba
411480.0,1,0.13,89.93,0.02,9.93,4114807.0,411480.0,Marialva
411520.0,4,0.32,60.92,0.03,38.72,4115200.0,411520.0,Maringá
411580.0,1,0.13,84.17,0.04,15.66,4115804.0,411580.0,Medianeira
411725.0,1,0.24,72.84,0.03,26.89,4117255.0,411725.0,Nova Prata do Iguaçu
411730.0,1,0.3,43.96,0.05,55.7,4117305.0,411730.0,Ortigueira
411750.0,1,0.15,6.46,0.01,93.38,4117503.0,411750.0,Paiçandu
411820.0,1,0.13,84.17,0.04,15.66,4118204.0,411820.0,Paranaguá
411840.0,1,0.11,92.69,0.02,7.18,4118402.0,411840.0,Paranavaí
411850.0,3,0.43,65.35,0.03,34.19,4118501.0,411850.0,Pato Branco
411915.0,3,0.59,58.84,0.03,40.54,4119152.0,411915.0,Pinhais
411950.0,7,0.32,66.45,0.03,33.2,4119509.0,411950.0,Piraquara
411960.0,1,0.21,78.58,0.01,21.19,4119608.0,411960.0,Pitanga
411990.0,4,0.11,82.63,0.03,17.24,4119905.0,411990.0,Ponta Grossa
411995.0,1,0.49,31.01,0.03,68.46,4119954.0,411995.0,Pontal do Paraná
412220.0,2,0.13,58.3,0.02,41.55,4122206.0,412220.0,Rio Branco do Sul
412240.0,1,0.1,95.18,0.02,4.7,4122404.0,412240.0,Rolândia
412550.0,15,0.21,81.57,0.04,18.17,4125506.0,412550.0,São José dos Pinhais
412650.0,1,1.14,49.61,0.04,49.21,4126504.0,412650.0,Sertanópolis
412710.0,3,0.58,86.41,0.02,13.0,4127106.0,412710.0,Telêmaco Borba
412790.0,1,0.08,94.88,0.01,5.03,4127908.0,412790.0,Tuneiras do Oeste
412810.0,2,0.36,46.21,0.06,53.37,4128104.0,412810.0,Umuarama
420130.0,1,87.01,6.68,0.01,6.3,4201307.0,420130.0,Araquari
420180.0,1,23.13,41.2,0.05,35.62,4201802.0,420180.0,Atalanta
420200.0,1,0.39,90.03,0.03,9.54,4202008.0,420200.0,Balneário Camboriú
420230.0,1,1.37,88.38,0.12,10.13,4202305.0,420230.0,Biguaçu
420290.0,2,3.41,48.62,0.11,47.86,4202909.0,420290.0,Brusque
420320.0,1,8.43,83.4,0.04,8.13,4203204.0,420320.0,Camboriú
420370.0,1,15.02,20.1,0.03,64.84,4203709.0,420370.0,Canelinha
420380.0,1,0.35,95.58,0.02,4.05,4203808.0,420380.0,Canoinhas
420450.0,1,0.19,82.64,0.03,17.14,4204509.0,420450.0,Corupá
420460.0,2,7.75,46.21,0.03,46.01,4204608.0,420460.0,Criciúma
420540.0,12,1.57,71.01,0.06,27.35,4205407.0,420540.0,Florianópolis
420545.0,2,2.2,20.03,0.08,77.69,4205456.0,420545.0,Forquilhinha
420810.0,2,0.76,93.73,0.03,5.48,4208104.0,420810.0,Itaiópolis
420820.0,5,5.16,77.63,0.07,17.15,4208203.0,420820.0,Itajaí
420830.0,1,0.24,93.1,0.04,6.61,4208302.0,420830.0,Itapema
420910.0,4,0.7,81.7,0.03,17.57,4209102.0,420910.0,Joinville
421080.0,1,0.46,83.64,0.04,15.86,4210803.0,421080.0,Meleiro
421190.0,2,0.45,51.87,0.06,47.62,4211900.0,421190.0,Palhoça
421200.0,1,0.46,96.36,0.02,3.16,4212007.0,421200.0,Palma Sola
421280.0,1,3.68,55.13,0.05,41.14,4212809.0,421280.0,Balneário Piçarras
421350.0,1,0.36,88.44,0.07,11.13,4213500.0,421350.0,Porto Belo
421580.0,2,2.49,40.53,0.03,56.94,4215802.0,421580.0,São Bento do Sul
421660.0,1,0.33,84.53,0.08,15.07,4216602.0,421660.0,São José
421690.0,1,0.09,89.59,0.21,10.11,4216909.0,421690.0,São Lourenço do Oeste
421800.0,1,0.51,95.13,0.03,4.33,4218004.0,421800.0,Tijucas
421870.0,1,0.1,96.12,0.01,3.78,4218707.0,421870.0,Tubarão
421880.0,1,4.57,56.12,0.27,39.04,4218806.0,421880.0,Turvo
430060.0,4,1.49,51.12,0.1,47.29,4300604.0,430060.0,Alvorada
430210.0,3,0.52,62.11,0.04,37.33,4302105.0,430210.0,Bento Gonçalves
430280.0,1,1.62,18.25,0.09,80.04,4302808.0,430280.0,Caçapava do Sul
430420.0,1,1.98,87.34,0.05,10.63,4304200.0,430420.0,Candelária
430450.0,1,1.69,47.36,0.03,50.92,4304507.0,430450.0,Canguçu
430460.0,11,2.69,38.7,0.08,58.52,4304606.0,430460.0,Canoas
430463.0,1,0.42,78.85,0.04,20.69,4304630.0,430463.0,Capão da Canoa
430470.0,1,1.73,57.46,0.18,40.63,4304705.0,430470.0,Carazinho
430510.0,17,3.58,56.88,0.05,39.48,4305108.0,430510.0,Caxias do Sul
430676.0,1,0.33,76.95,0.04,22.69,4306767.0,430676.0,Eldorado do Sul
430770.0,1,4.48,82.08,0.06,13.38,4307708.0,430770.0,Esteio
430820.0,1,1.72,74.67,0.09,23.52,4308201.0,430820.0,Flores da Cunha
430910.0,1,16.87,9.89,0.03,73.21,4309100.0,430910.0,Gramado
430920.0,3,1.27,60.07,0.06,38.6,4309209.0,430920.0,Gravataí
430930.0,1,1.96,72.66,0.05,25.33,4309308.0,430930.0,Guaíba
431130.0,2,0.91,66.14,0.03,32.93,4311304.0,431130.0,Lagoa Vermelha
431140.0,1,0.51,60.69,0.04,38.76,4311403.0,431140.0,Lajeado
431230.0,1,0.79,78.85,0.35,20.02,4312302.0,431230.0,Miraguaí
431306.0,1,0.32,77.66,0.11,21.91,4313060.0,431306.0,Nova Hartz
431410.0,12,1.6,47.86,0.18,50.36,4314100.0,431410.0,Passo Fundo
431440.0,1,0.99,49.43,0.06,49.52,4314407.0,431440.0,Pelotas
431490.0,16,9.51,54.2,0.05,36.24,4314902.0,431490.0,Porto Alegre
431630.0,1,69.43,10.19,0.03,20.35,4316303.0,431630.0,Roque Gonzales
431680.0,5,0.46,54.3,0.04,45.21,4316808.0,431680.0,Santa Cruz do Sul
431710.0,1,5.05,82.66,0.03,12.25,4317103.0,431710.0,Sant'Ana do Livramento
431750.0,1,0.49,91.23,0.02,8.26,4317509.0,431750.0,Santo Ângelo
431760.0,1,0.92,37.17,0.05,61.86,4317608.0,431760.0,Santo Antônio da Patrulha
431860.0,1,1.77,80.89,0.03,17.32,4318606.0,431860.0,São José do Ouro
431870.0,1,1.43,25.94,0.04,72.6,4318705.0,431870.0,São Leopoldo
431990.0,2,4.02,31.67,0.04,64.27,4319901.0,431990.0,Sapiranga
432067.0,1,0.24,60.23,0.05,39.47,4320677.0,432067.0,Sinimbu
432146.0,1,3.25,72.64,0.12,23.99,4321469.0,432146.0,Tio Hugo
432160.0,1,2.07,87.69,0.04,10.21,4321600.0,432160.0,Tramandaí
432170.0,1,0.99,27.51,0.02,71.48,4321709.0,432170.0,Três Coroas
432195.0,1,0.43,63.59,0.04,35.94,4321956.0,432195.0,Trindade do Sul
432260.0,1,90.79,1.93,0.02,7.27,4322608.0,432260.0,Venâncio Aires
500110.0,2,1.51,80.51,0.05,17.92,5001102.0,500110.0,Aquidauana
500240.0,1,2.23,66.68,0.03,31.06,5002407.0,500240.0,Caarapó
500270.0,58,7.73,62.89,0.05,29.34,5002704.0,500270.0,Campo Grande
500295.0,2,3.76,33.97,0.04,62.23,5002951.0,500295.0,Chapadão do Sul
500410.0,1,2.2,85.17,0.03,12.61,5004106.0,500410.0,Guia Lopes da Laguna
500500.0,1,0.32,70.18,0.06,29.44,5005004.0,500500.0,Jardim
500520.0,2,1.06,82.78,0.02,16.13,5005202.0,500520.0,Ladário
500540.0,3,2.55,60.42,0.09,36.94,5005400.0,500540.0,Maracaju
500620.0,2,40.28,54.72,0.04,4.96,5006200.0,500620.0,Nova Andradina
500690.0,1,2.17,75.0,0.09,22.74,5006903.0,500690.0,Porto Murtinho
500740.0,1,2.23,66.68,0.03,31.06,5007406.0,500740.0,Rio Verde de Mato Grosso
500769.0,1,0.19,84.58,0.02,15.22,5007695.0,500769.0,São Gabriel do Oeste
500830.0,3,0.94,56.7,0.07,42.29,5008305.0,500830.0,Três Lagoas
510180.0,1,6.75,5.06,0.02,88.17,5101803.0,510180.0,Barra do Garças
510340.0,6,0.47,4.67,0.07,94.79,5103403.0,510340.0,Cuiabá
510380.0,1,0.17,4.38,0.01,95.44,5103809.0,510380.0,Figueirópolis D'Oeste
510480.0,1,0.16,2.54,0.03,97.27,5104807.0,510480.0,Jaciara
510590.0,1,0.44,6.37,0.01,93.19,5105903.0,510590.0,Nobres
510675.0,1,1.07,33.57,0.05,65.32,5106752.0,510675.0,Pontes e Lacerda
510704.0,1,0.3,3.98,0.01,95.71,5107040.0,510704.0,Primavera do Leste
510760.0,1,0.52,7.75,0.01,91.72,5107602.0,510760.0,Rondonópolis
510840.0,1,0.56,2.78,0.05,96.61,5108402.0,510840.0,Várzea Grande
520017.0,1,0.28,93.17,0.05,6.51,5200175.0,520017.0,Água Fria de Goiás
520025.0,3,7.59,60.68,0.04,31.69,5200258.0,520025.0,Águas Lindas de Goiás
520110.0,5,0.4,93.71,0.01,5.88,5201108.0,520110.0,Anápolis
520140.0,5,0.43,88.54,0.02,11.02,5201405.0,520140.0,Aparecida de Goiânia
520355.0,1,0.63,19.0,0.02,80.36,5203559.0,520355.0,Bonfinópolis
520450.0,1,0.16,97.44,0.01,2.38,5204508.0,520450.0,Caldas Novas
520549.0,2,0.89,96.37,0.02,2.72,5205497.0,520549.0,Cidade Ocidental
520740.0,1,0.56,96.38,0.01,3.05,5207402.0,520740.0,Edéia
520800.0,3,0.65,93.82,0.04,5.5,5208004.0,520800.0,Formosa
520870.0,13,0.43,88.98,0.04,10.55,5208707.0,520870.0,Goiânia
520910.0,1,0.06,95.29,0.01,4.65,5209101.0,520910.0,Goiatuba
521250.0,7,1.44,84.81,0.05,13.71,5212501.0,521250.0,Luziânia
521270.0,1,1.71,92.94,0.12,5.23,5212709.0,521270.0,Mambaí
521310.0,1,0.11,91.82,0.01,8.05,5213103.0,521310.0,Mineiros
521380.0,1,0.09,98.14,0.01,1.77,5213806.0,521380.0,Morrinhos
521500.0,1,0.05,96.57,0.01,3.38,5215009.0,521500.0,Nova Veneza
521523.0,5,6.18,76.55,0.05,17.23,5215231.0,521523.0,Novo Gama
521760.0,1,0.71,94.3,0.02,4.97,5217609.0,521760.0,Planaltina
521930.0,1,0.29,94.33,0.01,5.37,5219308.0,521930.0,Santa Helena de Goiás
521975.0,4,2.19,64.56,0.03,33.22,5219753.0,521975.0,Santo Antônio do Descoberto
522000.0,1,0.35,96.72,0.01,2.91,5220009.0,522000.0,São João d'Aliança
522045.0,2,0.27,95.77,0.02,3.93,5220454.0,522045.0,Senador Canedo
522108.0,1,0.56,97.4,0.05,1.99,5221080.0,522108.0,Teresina de Goiás
522119.0,1,0.06,96.93,0.01,2.99,5221197.0,522119.0,Terezópolis de Goiás
522140.0,1,0.38,95.86,0.02,3.74,5221403.0,522140.0,Trindade
522185.0,2,0.48,86.84,0.03,12.65,5221858.0,522185.0,Valparaíso de Goiás
522230.0,1,0.77,8.16,0.04,91.03,5222302.0,522230.0,Vila Propício
530010.0,10,1.84,59.82,0.05,38.3,5300108.0,530010.0,Brasília
